event_id,start,end,duration_s,n_rows,duration_min,day,week,month,hour
1,2023-01-02 06:00:00+00:00,2023-01-02 06:00:00+00:00,0.0,1,0.0,2023-01-02 00:00:00+00:00,2023-01-02,2023-01-01,6
2,2023-01-02 06:00:06+00:00,2023-01-02 06:00:06+00:00,0.0,1,0.0,2023-01-02 00:00:00+00:00,2023-01-02,2023-01-01,6
3,2023-01-02 06:00:13+00:00,2023-01-02 06:00:17+00:00,4.0,2,0.06666666666666667,2023-01-02 00:00:00+00:00,2023-01-02,2023-01-01,6
4,2023-01-02 06:00:26+00:00,2023-01-02 06:00:26+00:00,0.0,1,0.0,2023-01-02 00:00:00+00:00,2023-01-02,2023-01-01,6
5,2023-01-02 06:00:31+00:00,2023-01-02 06:00:31+00:00,0.0,1,0.0,2023-01-02 00:00:00+00:00,2023-01-02,2023-01-01,6
6,2023-01-02 06:00:39+00:00,2023-01-02 06:00:39+00:00,0.0,1,0.0,2023-01-02 00:00:00+00:00,2023-01-02,2023-01-01,6
7,2023-01-02 06:00:46+00:00,2023-01-02 06:00:46+00:00,0.0,1,0.0,2023-01-02 00:00:00+00:00,2023-01-02,2023-01-01,6
8,2023-01-02 06:00:54+00:00,2023-01-02 06:00:54+00:00,0.0,1,0.0,2023-01-02 00:00:00+00:00,2023-01-02,2023-01-01,6
9,2023-01-02 06:01:00+00:00,2023-01-02 06:01:00+00:00,0.0,1,0.0,2023-01-02 00:00:00+00:00,2023-01-02,2023-01-01,6
10,2023-01-02 06:01:07+00:00,2023-01-02 06:01:07+00:00,0.0,1,0.0,2023-01-02 00:00:00+00:00,2023-01-02,2023-01-01,6
11,2023-01-02 06:01:12+00:00,2023-01-02 06:01:16+00:00,4.0,2,0.06666666666666667,2023-01-02 00:00:00+00:00,2023-01-02,2023-01-01,6
12,2023-01-02 06:01:21+00:00,2023-01-02 06:01:21+00:00,0.0,1,0.0,2023-01-02 00:00:00+00:00,2023-01-02,2023-01-01,6
13,2023-01-02 06:01:28+00:00,2023-01-02 06:01:28+00:00,0.0,1,0.0,2023-01-02 00:00:00+00:00,2023-01-02,2023-01-01,6
14,2023-01-02 06:01:38+00:00,2023-01-02 06:01:38+00:00,0.0,1,0.0,2023-01-02 00:00:00+00:00,2023-01-02,2023-01-01,6
15,2023-01-02 06:01:48+00:00,2023-01-02 06:01:48+00:00,0.0,1,0.0,2023-01-02 00:00:00+00:00,2023-01-02,2023-01-01,6
16,2023-01-02 06:01:53+00:00,2023-01-02 06:01:53+00:00,0.0,1,0.0,2023-01-02 00:00:00+00:00,2023-01-02,2023-01-01,6
17,2023-01-02 06:02:03+00:00,2023-01-02 06:02:03+00:00,0.0,1,0.0,2023-01-02 00:00:00+00:00,2023-01-02,2023-01-01,6
18,2023-01-02 06:02:08+00:00,2023-01-02 06:02:16+00:00,8.0,3,0.13333333333333333,2023-01-02 00:00:00+00:00,2023-01-02,2023-01-01,6
19,2023-01-02 06:02:21+00:00,2023-01-02 06:02:21+00:00,0.0,1,0.0,2023-01-02 00:00:00+00:00,2023-01-02,2023-01-01,6
20,2023-01-02 06:02:27+00:00,2023-01-02 06:02:27+00:00,0.0,1,0.0,2023-01-02 00:00:00+00:00,2023-01-02,2023-01-01,6
21,2023-01-02 06:02:33+00:00,2023-01-02 06:02:35+00:00,2.0,2,0.03333333333333333,2023-01-02 00:00:00+00:00,2023-01-02,2023-01-01,6
22,2023-01-02 06:02:40+00:00,2023-01-02 06:02:41+00:00,1.0,2,0.016666666666666666,2023-01-02 00:00:00+00:00,2023-01-02,2023-01-01,6
23,2023-01-02 06:02:51+00:00,2023-01-02 06:02:51+00:00,0.0,1,0.0,2023-01-02 00:00:00+00:00,2023-01-02,2023-01-01,6
24,2023-01-02 06:02:57+00:00,2023-01-02 06:02:57+00:00,0.0,1,0.0,2023-01-02 00:00:00+00:00,2023-01-02,2023-01-01,6
25,2023-01-02 06:03:03+00:00,2023-01-02 06:03:07+00:00,4.0,2,0.06666666666666667,2023-01-02 00:00:00+00:00,2023-01-02,2023-01-01,6
26,2023-01-02 06:03:15+00:00,2023-01-02 06:03:15+00:00,0.0,1,0.0,2023-01-02 00:00:00+00:00,2023-01-02,2023-01-01,6
27,2023-01-02 06:03:20+00:00,2023-01-02 06:03:20+00:00,0.0,1,0.0,2023-01-02 00:00:00+00:00,2023-01-02,2023-01-01,6
28,2023-01-02 06:03:29+00:00,2023-01-02 06:03:29+00:00,0.0,1,0.0,2023-01-02 00:00:00+00:00,2023-01-02,2023-01-01,6
29,2023-01-02 06:03:35+00:00,2023-01-02 06:03:38+00:00,3.0,2,0.05,2023-01-02 00:00:00+00:00,2023-01-02,2023-01-01,6
30,2023-01-02 06:03:45+00:00,2023-01-02 06:03:45+00:00,0.0,1,0.0,2023-01-02 00:00:00+00:00,2023-01-02,2023-01-01,6
31,2023-01-02 06:03:52+00:00,2023-01-02 06:03:52+00:00,0.0,1,0.0,2023-01-02 00:00:00+00:00,2023-01-02,2023-01-01,6
32,2023-01-02 06:03:59+00:00,2023-01-02 06:03:59+00:00,0.0,1,0.0,2023-01-02 00:00:00+00:00,2023-01-02,2023-01-01,6
33,2023-01-02 06:04:05+00:00,2023-01-02 06:04:05+00:00,0.0,1,0.0,2023-01-02 00:00:00+00:00,2023-01-02,2023-01-01,6
34,2023-01-02 06:04:11+00:00,2023-01-02 06:04:11+00:00,0.0,1,0.0,2023-01-02 00:00:00+00:00,2023-01-02,2023-01-01,6
35,2023-01-02 06:04:16+00:00,2023-01-02 06:04:16+00:00,0.0,1,0.0,2023-01-02 00:00:00+00:00,2023-01-02,2023-01-01,6
36,2023-01-02 06:04:28+00:00,2023-01-02 06:04:30+00:00,2.0,2,0.03333333333333333,2023-01-02 00:00:00+00:00,2023-01-02,2023-01-01,6
37,2023-01-02 06:04:35+00:00,2023-01-02 06:04:35+00:00,0.0,1,0.0,2023-01-02 00:00:00+00:00,2023-01-02,2023-01-01,6
38,2023-01-02 06:04:40+00:00,2023-01-02 06:04:40+00:00,0.0,1,0.0,2023-01-02 00:00:00+00:00,2023-01-02,2023-01-01,6
39,2023-01-02 06:04:48+00:00,2023-01-02 06:04:48+00:00,0.0,1,0.0,2023-01-02 00:00:00+00:00,2023-01-02,2023-01-01,6
40,2023-01-02 06:04:57+00:00,2023-01-02 06:04:57+00:00,0.0,1,0.0,2023-01-02 00:00:00+00:00,2023-01-02,2023-01-01,6
41,2023-01-02 06:05:03+00:00,2023-01-02 06:05:10+00:00,7.0,3,0.11666666666666667,2023-01-02 00:00:00+00:00,2023-01-02,2023-01-01,6
42,2023-01-02 06:05:18+00:00,2023-01-02 06:05:18+00:00,0.0,1,0.0,2023-01-02 00:00:00+00:00,2023-01-02,2023-01-01,6
43,2023-01-02 06:05:23+00:00,2023-01-02 06:05:30+00:00,7.0,3,0.11666666666666667,2023-01-02 00:00:00+00:00,2023-01-02,2023-01-01,6
44,2023-01-02 06:05:35+00:00,2023-01-02 06:05:38+00:00,3.0,2,0.05,2023-01-02 00:00:00+00:00,2023-01-02,2023-01-01,6
45,2023-01-02 06:05:43+00:00,2023-01-02 06:05:45+00:00,2.0,2,0.03333333333333333,2023-01-02 00:00:00+00:00,2023-01-02,2023-01-01,6
46,2023-01-02 06:05:54+00:00,2023-01-02 06:05:54+00:00,0.0,1,0.0,2023-01-02 00:00:00+00:00,2023-01-02,2023-01-01,6
47,2023-01-02 06:06:00+00:00,2023-01-02 06:06:00+00:00,0.0,1,0.0,2023-01-02 00:00:00+00:00,2023-01-02,2023-01-01,6
48,2023-01-02 06:06:09+00:00,2023-01-02 06:06:09+00:00,0.0,1,0.0,2023-01-02 00:00:00+00:00,2023-01-02,2023-01-01,6
49,2023-01-02 06:06:16+00:00,2023-01-02 06:06:16+00:00,0.0,1,0.0,2023-01-02 00:00:00+00:00,2023-01-02,2023-01-01,6
50,2023-01-02 06:06:22+00:00,2023-01-02 06:06:22+00:00,0.0,1,0.0,2023-01-02 00:00:00+00:00,2023-01-02,2023-01-01,6
51,2023-01-02 06:06:27+00:00,2023-01-02 06:06:27+00:00,0.0,1,0.0,2023-01-02 00:00:00+00:00,2023-01-02,2023-01-01,6
52,2023-01-02 06:06:35+00:00,2023-01-02 06:06:35+00:00,0.0,1,0.0,2023-01-02 00:00:00+00:00,2023-01-02,2023-01-01,6
53,2023-01-02 06:06:42+00:00,2023-01-02 06:06:42+00:00,0.0,1,0.0,2023-01-02 00:00:00+00:00,2023-01-02,2023-01-01,6
54,2023-01-02 06:06:50+00:00,2023-01-02 06:06:50+00:00,0.0,1,0.0,2023-01-02 00:00:00+00:00,2023-01-02,2023-01-01,6
55,2023-01-02 06:06:56+00:00,2023-01-02 06:06:56+00:00,0.0,1,0.0,2023-01-02 00:00:00+00:00,2023-01-02,2023-01-01,6
56,2023-01-02 06:07:02+00:00,2023-01-02 06:07:06+00:00,4.0,2,0.06666666666666667,2023-01-02 00:00:00+00:00,2023-01-02,2023-01-01,6
57,2023-01-02 06:07:12+00:00,2023-01-02 06:07:15+00:00,3.0,2,0.05,2023-01-02 00:00:00+00:00,2023-01-02,2023-01-01,6
58,2023-01-02 06:07:23+00:00,2023-01-02 06:07:23+00:00,0.0,1,0.0,2023-01-02 00:00:00+00:00,2023-01-02,2023-01-01,6
59,2023-01-02 06:07:29+00:00,2023-01-02 06:07:33+00:00,4.0,2,0.06666666666666667,2023-01-02 00:00:00+00:00,2023-01-02,2023-01-01,6
60,2023-01-02 06:07:40+00:00,2023-01-02 06:07:41+00:00,1.0,2,0.016666666666666666,2023-01-02 00:00:00+00:00,2023-01-02,2023-01-01,6
61,2023-01-02 06:07:46+00:00,2023-01-02 06:07:50+00:00,4.0,2,0.06666666666666667,2023-01-02 00:00:00+00:00,2023-01-02,2023-01-01,6
62,2023-01-02 06:07:59+00:00,2023-01-02 06:07:59+00:00,0.0,1,0.0,2023-01-02 00:00:00+00:00,2023-01-02,2023-01-01,6
63,2023-01-02 06:08:06+00:00,2023-01-02 06:08:15+00:00,9.0,4,0.15,2023-01-02 00:00:00+00:00,2023-01-02,2023-01-01,6
64,2023-01-02 06:08:23+00:00,2023-01-02 06:08:28+00:00,5.0,3,0.08333333333333333,2023-01-02 00:00:00+00:00,2023-01-02,2023-01-01,6
65,2023-01-02 06:08:33+00:00,2023-01-02 06:08:33+00:00,0.0,1,0.0,2023-01-02 00:00:00+00:00,2023-01-02,2023-01-01,6
66,2023-01-02 06:08:40+00:00,2023-01-02 06:08:46+00:00,6.0,3,0.1,2023-01-02 00:00:00+00:00,2023-01-02,2023-01-01,6
67,2023-01-02 06:08:52+00:00,2023-01-02 06:08:52+00:00,0.0,1,0.0,2023-01-02 00:00:00+00:00,2023-01-02,2023-01-01,6
68,2023-01-02 06:08:58+00:00,2023-01-02 06:08:58+00:00,0.0,1,0.0,2023-01-02 00:00:00+00:00,2023-01-02,2023-01-01,6
69,2023-01-02 06:09:05+00:00,2023-01-02 06:09:05+00:00,0.0,1,0.0,2023-01-02 00:00:00+00:00,2023-01-02,2023-01-01,6
70,2023-01-02 06:09:10+00:00,2023-01-02 06:09:10+00:00,0.0,1,0.0,2023-01-02 00:00:00+00:00,2023-01-02,2023-01-01,6
71,2023-01-02 06:09:19+00:00,2023-01-02 06:09:23+00:00,4.0,2,0.06666666666666667,2023-01-02 00:00:00+00:00,2023-01-02,2023-01-01,6
72,2023-01-02 06:09:29+00:00,2023-01-02 06:09:29+00:00,0.0,1,0.0,2023-01-02 00:00:00+00:00,2023-01-02,2023-01-01,6
73,2023-01-02 06:09:35+00:00,2023-01-02 06:09:35+00:00,0.0,1,0.0,2023-01-02 00:00:00+00:00,2023-01-02,2023-01-01,6
74,2023-01-02 06:09:44+00:00,2023-01-02 06:09:44+00:00,0.0,1,0.0,2023-01-02 00:00:00+00:00,2023-01-02,2023-01-01,6
75,2023-01-02 06:09:49+00:00,2023-01-02 06:09:56+00:00,7.0,4,0.11666666666666667,2023-01-02 00:00:00+00:00,2023-01-02,2023-01-01,6
76,2023-01-02 06:10:04+00:00,2023-01-02 06:10:04+00:00,0.0,1,0.0,2023-01-02 00:00:00+00:00,2023-01-02,2023-01-01,6
77,2023-01-02 06:10:14+00:00,2023-01-02 06:10:14+00:00,0.0,1,0.0,2023-01-02 00:00:00+00:00,2023-01-02,2023-01-01,6
78,2023-01-02 06:10:19+00:00,2023-01-02 06:10:35+00:00,16.0,5,0.26666666666666666,2023-01-02 00:00:00+00:00,2023-01-02,2023-01-01,6
79,2023-01-02 06:10:41+00:00,2023-01-02 06:10:41+00:00,0.0,1,0.0,2023-01-02 00:00:00+00:00,2023-01-02,2023-01-01,6
80,2023-01-02 06:10:47+00:00,2023-01-02 06:10:47+00:00,0.0,1,0.0,2023-01-02 00:00:00+00:00,2023-01-02,2023-01-01,6
81,2023-01-02 06:11:01+00:00,2023-01-02 06:11:01+00:00,0.0,1,0.0,2023-01-02 00:00:00+00:00,2023-01-02,2023-01-01,6
82,2023-01-02 06:11:08+00:00,2023-01-02 06:11:11+00:00,3.0,2,0.05,2023-01-02 00:00:00+00:00,2023-01-02,2023-01-01,6
83,2023-01-02 06:11:17+00:00,2023-01-02 06:11:20+00:00,3.0,2,0.05,2023-01-02 00:00:00+00:00,2023-01-02,2023-01-01,6
84,2023-01-02 06:11:25+00:00,2023-01-02 06:11:28+00:00,3.0,2,0.05,2023-01-02 00:00:00+00:00,2023-01-02,2023-01-01,6
85,2023-01-02 06:11:35+00:00,2023-01-02 06:11:35+00:00,0.0,1,0.0,2023-01-02 00:00:00+00:00,2023-01-02,2023-01-01,6
86,2023-01-02 06:11:41+00:00,2023-01-02 06:11:43+00:00,2.0,2,0.03333333333333333,2023-01-02 00:00:00+00:00,2023-01-02,2023-01-01,6
87,2023-01-02 06:11:49+00:00,2023-01-02 06:11:49+00:00,0.0,1,0.0,2023-01-02 00:00:00+00:00,2023-01-02,2023-01-01,6
88,2023-01-02 06:11:54+00:00,2023-01-02 06:11:54+00:00,0.0,1,0.0,2023-01-02 00:00:00+00:00,2023-01-02,2023-01-01,6
89,2023-01-02 06:12:01+00:00,2023-01-02 06:12:01+00:00,0.0,1,0.0,2023-01-02 00:00:00+00:00,2023-01-02,2023-01-01,6
90,2023-01-02 06:12:10+00:00,2023-01-02 06:12:17+00:00,7.0,3,0.11666666666666667,2023-01-02 00:00:00+00:00,2023-01-02,2023-01-01,6
91,2023-01-02 06:12:22+00:00,2023-01-02 06:12:22+00:00,0.0,1,0.0,2023-01-02 00:00:00+00:00,2023-01-02,2023-01-01,6
92,2023-01-02 06:12:29+00:00,2023-01-02 06:12:29+00:00,0.0,1,0.0,2023-01-02 00:00:00+00:00,2023-01-02,2023-01-01,6
93,2023-01-02 06:12:37+00:00,2023-01-02 06:12:37+00:00,0.0,1,0.0,2023-01-02 00:00:00+00:00,2023-01-02,2023-01-01,6
94,2023-01-02 06:12:49+00:00,2023-01-02 06:12:49+00:00,0.0,1,0.0,2023-01-02 00:00:00+00:00,2023-01-02,2023-01-01,6
95,2023-01-02 06:12:58+00:00,2023-01-02 06:12:58+00:00,0.0,1,0.0,2023-01-02 00:00:00+00:00,2023-01-02,2023-01-01,6
96,2023-01-02 06:13:03+00:00,2023-01-02 06:13:03+00:00,0.0,1,0.0,2023-01-02 00:00:00+00:00,2023-01-02,2023-01-01,6
97,2023-01-02 06:13:10+00:00,2023-01-02 06:13:10+00:00,0.0,1,0.0,2023-01-02 00:00:00+00:00,2023-01-02,2023-01-01,6
98,2023-01-02 06:13:21+00:00,2023-01-02 06:13:21+00:00,0.0,1,0.0,2023-01-02 00:00:00+00:00,2023-01-02,2023-01-01,6
99,2023-01-02 06:13:30+00:00,2023-01-02 06:13:30+00:00,0.0,1,0.0,2023-01-02 00:00:00+00:00,2023-01-02,2023-01-01,6
100,2023-01-02 06:13:35+00:00,2023-01-02 06:13:38+00:00,3.0,2,0.05,2023-01-02 00:00:00+00:00,2023-01-02,2023-01-01,6
101,2023-01-02 06:13:43+00:00,2023-01-02 06:13:50+00:00,7.0,4,0.11666666666666667,2023-01-02 00:00:00+00:00,2023-01-02,2023-01-01,6
102,2023-01-02 06:14:00+00:00,2023-01-02 06:14:08+00:00,8.0,4,0.13333333333333333,2023-01-02 00:00:00+00:00,2023-01-02,2023-01-01,6
103,2023-01-02 06:14:15+00:00,2023-01-02 06:14:15+00:00,0.0,1,0.0,2023-01-02 00:00:00+00:00,2023-01-02,2023-01-01,6
104,2023-01-02 06:14:20+00:00,2023-01-02 06:14:20+00:00,0.0,1,0.0,2023-01-02 00:00:00+00:00,2023-01-02,2023-01-01,6
105,2023-01-02 06:14:26+00:00,2023-01-02 06:14:26+00:00,0.0,1,0.0,2023-01-02 00:00:00+00:00,2023-01-02,2023-01-01,6
106,2023-01-02 06:14:32+00:00,2023-01-02 06:14:32+00:00,0.0,1,0.0,2023-01-02 00:00:00+00:00,2023-01-02,2023-01-01,6
107,2023-01-02 06:14:43+00:00,2023-01-02 06:14:43+00:00,0.0,1,0.0,2023-01-02 00:00:00+00:00,2023-01-02,2023-01-01,6
108,2023-01-02 06:14:51+00:00,2023-01-02 06:14:51+00:00,0.0,1,0.0,2023-01-02 00:00:00+00:00,2023-01-02,2023-01-01,6
109,2023-01-02 06:14:56+00:00,2023-01-02 06:14:56+00:00,0.0,1,0.0,2023-01-02 00:00:00+00:00,2023-01-02,2023-01-01,6
110,2023-01-02 06:15:02+00:00,2023-01-02 06:15:02+00:00,0.0,1,0.0,2023-01-02 00:00:00+00:00,2023-01-02,2023-01-01,6
111,2023-01-02 06:15:10+00:00,2023-01-02 06:15:10+00:00,0.0,1,0.0,2023-01-02 00:00:00+00:00,2023-01-02,2023-01-01,6
112,2023-01-02 06:15:16+00:00,2023-01-02 06:15:18+00:00,2.0,2,0.03333333333333333,2023-01-02 00:00:00+00:00,2023-01-02,2023-01-01,6
113,2023-01-02 06:15:25+00:00,2023-01-02 06:15:29+00:00,4.0,3,0.06666666666666667,2023-01-02 00:00:00+00:00,2023-01-02,2023-01-01,6
114,2023-01-02 06:15:40+00:00,2023-01-02 06:15:44+00:00,4.0,2,0.06666666666666667,2023-01-02 00:00:00+00:00,2023-01-02,2023-01-01,6
115,2023-01-02 06:15:51+00:00,2023-01-02 06:15:51+00:00,0.0,1,0.0,2023-01-02 00:00:00+00:00,2023-01-02,2023-01-01,6
116,2023-01-02 06:15:57+00:00,2023-01-02 06:15:57+00:00,0.0,1,0.0,2023-01-02 00:00:00+00:00,2023-01-02,2023-01-01,6
117,2023-01-02 06:16:02+00:00,2023-01-02 06:16:05+00:00,3.0,2,0.05,2023-01-02 00:00:00+00:00,2023-01-02,2023-01-01,6
118,2023-01-02 06:16:10+00:00,2023-01-02 06:16:14+00:00,4.0,2,0.06666666666666667,2023-01-02 00:00:00+00:00,2023-01-02,2023-01-01,6
119,2023-01-02 06:16:20+00:00,2023-01-02 06:16:20+00:00,0.0,1,0.0,2023-01-02 00:00:00+00:00,2023-01-02,2023-01-01,6
120,2023-01-02 06:16:25+00:00,2023-01-02 06:16:29+00:00,4.0,2,0.06666666666666667,2023-01-02 00:00:00+00:00,2023-01-02,2023-01-01,6
121,2023-01-02 06:16:34+00:00,2023-01-02 06:16:34+00:00,0.0,1,0.0,2023-01-02 00:00:00+00:00,2023-01-02,2023-01-01,6
122,2023-01-02 06:16:44+00:00,2023-01-02 06:16:44+00:00,0.0,1,0.0,2023-01-02 00:00:00+00:00,2023-01-02,2023-01-01,6
123,2023-01-02 06:16:52+00:00,2023-01-02 06:16:52+00:00,0.0,1,0.0,2023-01-02 00:00:00+00:00,2023-01-02,2023-01-01,6
124,2023-01-02 06:17:02+00:00,2023-01-02 06:17:02+00:00,0.0,1,0.0,2023-01-02 00:00:00+00:00,2023-01-02,2023-01-01,6
125,2023-01-02 06:17:07+00:00,2023-01-02 06:17:07+00:00,0.0,1,0.0,2023-01-02 00:00:00+00:00,2023-01-02,2023-01-01,6
126,2023-01-02 06:17:17+00:00,2023-01-02 06:17:20+00:00,3.0,2,0.05,2023-01-02 00:00:00+00:00,2023-01-02,2023-01-01,6
127,2023-01-02 06:17:25+00:00,2023-01-02 06:17:29+00:00,4.0,2,0.06666666666666667,2023-01-02 00:00:00+00:00,2023-01-02,2023-01-01,6
128,2023-01-02 06:17:39+00:00,2023-01-02 06:17:39+00:00,0.0,1,0.0,2023-01-02 00:00:00+00:00,2023-01-02,2023-01-01,6
129,2023-01-02 06:17:48+00:00,2023-01-02 06:17:51+00:00,3.0,2,0.05,2023-01-02 00:00:00+00:00,2023-01-02,2023-01-01,6
130,2023-01-02 06:17:58+00:00,2023-01-02 06:17:58+00:00,0.0,1,0.0,2023-01-02 00:00:00+00:00,2023-01-02,2023-01-01,6
131,2023-01-02 06:18:06+00:00,2023-01-02 06:18:06+00:00,0.0,1,0.0,2023-01-02 00:00:00+00:00,2023-01-02,2023-01-01,6
132,2023-01-02 06:18:12+00:00,2023-01-02 06:18:16+00:00,4.0,2,0.06666666666666667,2023-01-02 00:00:00+00:00,2023-01-02,2023-01-01,6
133,2023-01-02 06:18:21+00:00,2023-01-02 06:18:21+00:00,0.0,1,0.0,2023-01-02 00:00:00+00:00,2023-01-02,2023-01-01,6
134,2023-01-02 06:18:28+00:00,2023-01-02 06:18:36+00:00,8.0,3,0.13333333333333333,2023-01-02 00:00:00+00:00,2023-01-02,2023-01-01,6
135,2023-01-02 06:18:41+00:00,2023-01-02 06:18:41+00:00,0.0,1,0.0,2023-01-02 00:00:00+00:00,2023-01-02,2023-01-01,6
136,2023-01-02 06:18:46+00:00,2023-01-02 06:18:46+00:00,0.0,1,0.0,2023-01-02 00:00:00+00:00,2023-01-02,2023-01-01,6
137,2023-01-02 06:18:53+00:00,2023-01-02 06:18:53+00:00,0.0,1,0.0,2023-01-02 00:00:00+00:00,2023-01-02,2023-01-01,6
138,2023-01-02 06:18:59+00:00,2023-01-02 06:19:03+00:00,4.0,2,0.06666666666666667,2023-01-02 00:00:00+00:00,2023-01-02,2023-01-01,6
139,2023-01-02 06:19:10+00:00,2023-01-02 06:19:16+00:00,6.0,3,0.1,2023-01-02 00:00:00+00:00,2023-01-02,2023-01-01,6
140,2023-01-02 06:19:24+00:00,2023-01-02 06:19:24+00:00,0.0,1,0.0,2023-01-02 00:00:00+00:00,2023-01-02,2023-01-01,6
141,2023-01-02 06:19:33+00:00,2023-01-02 06:19:41+00:00,8.0,3,0.13333333333333333,2023-01-02 00:00:00+00:00,2023-01-02,2023-01-01,6
142,2023-01-02 06:19:46+00:00,2023-01-02 06:19:50+00:00,4.0,2,0.06666666666666667,2023-01-02 00:00:00+00:00,2023-01-02,2023-01-01,6
143,2023-01-02 06:19:55+00:00,2023-01-02 06:19:59+00:00,4.0,2,0.06666666666666667,2023-01-02 00:00:00+00:00,2023-01-02,2023-01-01,6
144,2023-01-02 06:20:06+00:00,2023-01-02 06:20:10+00:00,4.0,2,0.06666666666666667,2023-01-02 00:00:00+00:00,2023-01-02,2023-01-01,6
145,2023-01-02 06:20:18+00:00,2023-01-02 06:20:21+00:00,3.0,2,0.05,2023-01-02 00:00:00+00:00,2023-01-02,2023-01-01,6
146,2023-01-02 06:20:27+00:00,2023-01-02 06:20:30+00:00,3.0,2,0.05,2023-01-02 00:00:00+00:00,2023-01-02,2023-01-01,6
147,2023-01-02 06:20:35+00:00,2023-01-02 06:20:35+00:00,0.0,1,0.0,2023-01-02 00:00:00+00:00,2023-01-02,2023-01-01,6
148,2023-01-02 06:20:45+00:00,2023-01-02 06:20:45+00:00,0.0,1,0.0,2023-01-02 00:00:00+00:00,2023-01-02,2023-01-01,6
149,2023-01-02 06:20:53+00:00,2023-01-02 06:20:57+00:00,4.0,3,0.06666666666666667,2023-01-02 00:00:00+00:00,2023-01-02,2023-01-01,6
150,2023-01-02 06:21:04+00:00,2023-01-02 06:21:07+00:00,3.0,2,0.05,2023-01-02 00:00:00+00:00,2023-01-02,2023-01-01,6
151,2023-01-02 06:21:17+00:00,2023-01-02 06:21:17+00:00,0.0,1,0.0,2023-01-02 00:00:00+00:00,2023-01-02,2023-01-01,6
152,2023-01-02 06:21:22+00:00,2023-01-02 06:21:25+00:00,3.0,2,0.05,2023-01-02 00:00:00+00:00,2023-01-02,2023-01-01,6
153,2023-01-02 06:21:33+00:00,2023-01-02 06:21:37+00:00,4.0,2,0.06666666666666667,2023-01-02 00:00:00+00:00,2023-01-02,2023-01-01,6
154,2023-01-02 06:21:45+00:00,2023-01-02 06:21:47+00:00,2.0,2,0.03333333333333333,2023-01-02 00:00:00+00:00,2023-01-02,2023-01-01,6
155,2023-01-02 06:22:00+00:00,2023-01-02 06:22:00+00:00,0.0,1,0.0,2023-01-02 00:00:00+00:00,2023-01-02,2023-01-01,6
156,2023-01-02 06:22:12+00:00,2023-01-02 06:22:12+00:00,0.0,1,0.0,2023-01-02 00:00:00+00:00,2023-01-02,2023-01-01,6
157,2023-01-02 06:22:20+00:00,2023-01-02 06:22:25+00:00,5.0,3,0.08333333333333333,2023-01-02 00:00:00+00:00,2023-01-02,2023-01-01,6
158,2023-01-02 06:22:31+00:00,2023-01-02 06:22:31+00:00,0.0,1,0.0,2023-01-02 00:00:00+00:00,2023-01-02,2023-01-01,6
159,2023-01-02 06:22:37+00:00,2023-01-02 06:22:37+00:00,0.0,1,0.0,2023-01-02 00:00:00+00:00,2023-01-02,2023-01-01,6
160,2023-01-02 06:22:42+00:00,2023-01-02 06:22:42+00:00,0.0,1,0.0,2023-01-02 00:00:00+00:00,2023-01-02,2023-01-01,6
161,2023-01-02 06:22:48+00:00,2023-01-02 06:22:48+00:00,0.0,1,0.0,2023-01-02 00:00:00+00:00,2023-01-02,2023-01-01,6
162,2023-01-02 06:22:53+00:00,2023-01-02 06:22:53+00:00,0.0,1,0.0,2023-01-02 00:00:00+00:00,2023-01-02,2023-01-01,6
163,2023-01-02 06:23:01+00:00,2023-01-02 06:23:01+00:00,0.0,1,0.0,2023-01-02 00:00:00+00:00,2023-01-02,2023-01-01,6
164,2023-01-02 06:23:08+00:00,2023-01-02 06:23:08+00:00,0.0,1,0.0,2023-01-02 00:00:00+00:00,2023-01-02,2023-01-01,6
165,2023-01-02 06:23:13+00:00,2023-01-02 06:23:13+00:00,0.0,1,0.0,2023-01-02 00:00:00+00:00,2023-01-02,2023-01-01,6
166,2023-01-02 06:23:18+00:00,2023-01-02 06:23:20+00:00,2.0,2,0.03333333333333333,2023-01-02 00:00:00+00:00,2023-01-02,2023-01-01,6
167,2023-01-02 06:23:25+00:00,2023-01-02 06:23:27+00:00,2.0,2,0.03333333333333333,2023-01-02 00:00:00+00:00,2023-01-02,2023-01-01,6
168,2023-01-02 06:23:33+00:00,2023-01-02 06:23:33+00:00,0.0,1,0.0,2023-01-02 00:00:00+00:00,2023-01-02,2023-01-01,6
169,2023-01-02 06:23:44+00:00,2023-01-02 06:23:48+00:00,4.0,2,0.06666666666666667,2023-01-02 00:00:00+00:00,2023-01-02,2023-01-01,6
170,2023-01-02 06:23:55+00:00,2023-01-02 06:23:55+00:00,0.0,1,0.0,2023-01-02 00:00:00+00:00,2023-01-02,2023-01-01,6
171,2023-01-02 06:24:01+00:00,2023-01-02 06:24:01+00:00,0.0,1,0.0,2023-01-02 00:00:00+00:00,2023-01-02,2023-01-01,6
172,2023-01-02 06:24:10+00:00,2023-01-02 06:24:14+00:00,4.0,2,0.06666666666666667,2023-01-02 00:00:00+00:00,2023-01-02,2023-01-01,6
173,2023-01-02 06:24:23+00:00,2023-01-02 06:24:27+00:00,4.0,2,0.06666666666666667,2023-01-02 00:00:00+00:00,2023-01-02,2023-01-01,6
174,2023-01-02 06:24:32+00:00,2023-01-02 06:24:32+00:00,0.0,1,0.0,2023-01-02 00:00:00+00:00,2023-01-02,2023-01-01,6
175,2023-01-02 06:24:40+00:00,2023-01-02 06:24:40+00:00,0.0,1,0.0,2023-01-02 00:00:00+00:00,2023-01-02,2023-01-01,6
176,2023-01-02 06:24:46+00:00,2023-01-02 06:24:46+00:00,0.0,1,0.0,2023-01-02 00:00:00+00:00,2023-01-02,2023-01-01,6
177,2023-01-02 06:24:51+00:00,2023-01-02 06:24:51+00:00,0.0,1,0.0,2023-01-02 00:00:00+00:00,2023-01-02,2023-01-01,6
178,2023-01-02 06:24:56+00:00,2023-01-02 06:24:56+00:00,0.0,1,0.0,2023-01-02 00:00:00+00:00,2023-01-02,2023-01-01,6
179,2023-01-02 06:25:02+00:00,2023-01-02 06:25:02+00:00,0.0,1,0.0,2023-01-02 00:00:00+00:00,2023-01-02,2023-01-01,6
180,2023-01-02 06:25:11+00:00,2023-01-02 06:25:11+00:00,0.0,1,0.0,2023-01-02 00:00:00+00:00,2023-01-02,2023-01-01,6
181,2023-01-02 06:25:16+00:00,2023-01-02 06:25:16+00:00,0.0,1,0.0,2023-01-02 00:00:00+00:00,2023-01-02,2023-01-01,6
182,2023-01-02 06:25:23+00:00,2023-01-02 06:25:23+00:00,0.0,1,0.0,2023-01-02 00:00:00+00:00,2023-01-02,2023-01-01,6
183,2023-01-02 06:25:31+00:00,2023-01-02 06:25:31+00:00,0.0,1,0.0,2023-01-02 00:00:00+00:00,2023-01-02,2023-01-01,6
184,2023-01-02 06:25:37+00:00,2023-01-02 06:25:41+00:00,4.0,2,0.06666666666666667,2023-01-02 00:00:00+00:00,2023-01-02,2023-01-01,6
185,2023-01-02 06:25:47+00:00,2023-01-02 06:25:47+00:00,0.0,1,0.0,2023-01-02 00:00:00+00:00,2023-01-02,2023-01-01,6
186,2023-01-02 06:26:01+00:00,2023-01-02 06:26:01+00:00,0.0,1,0.0,2023-01-02 00:00:00+00:00,2023-01-02,2023-01-01,6
187,2023-01-02 06:26:08+00:00,2023-01-02 06:26:08+00:00,0.0,1,0.0,2023-01-02 00:00:00+00:00,2023-01-02,2023-01-01,6
188,2023-01-02 06:26:14+00:00,2023-01-02 06:26:14+00:00,0.0,1,0.0,2023-01-02 00:00:00+00:00,2023-01-02,2023-01-01,6
189,2023-01-02 06:26:21+00:00,2023-01-02 06:26:24+00:00,3.0,2,0.05,2023-01-02 00:00:00+00:00,2023-01-02,2023-01-01,6
190,2023-01-02 06:26:31+00:00,2023-01-02 06:26:31+00:00,0.0,1,0.0,2023-01-02 00:00:00+00:00,2023-01-02,2023-01-01,6
191,2023-01-02 06:26:40+00:00,2023-01-02 06:26:40+00:00,0.0,1,0.0,2023-01-02 00:00:00+00:00,2023-01-02,2023-01-01,6
192,2023-01-02 06:26:46+00:00,2023-01-02 06:26:46+00:00,0.0,1,0.0,2023-01-02 00:00:00+00:00,2023-01-02,2023-01-01,6
193,2023-01-02 06:26:52+00:00,2023-01-02 06:26:52+00:00,0.0,1,0.0,2023-01-02 00:00:00+00:00,2023-01-02,2023-01-01,6
194,2023-01-02 06:26:59+00:00,2023-01-02 06:27:03+00:00,4.0,2,0.06666666666666667,2023-01-02 00:00:00+00:00,2023-01-02,2023-01-01,6
195,2023-01-02 06:27:09+00:00,2023-01-02 06:27:09+00:00,0.0,1,0.0,2023-01-02 00:00:00+00:00,2023-01-02,2023-01-01,6
196,2023-01-02 06:27:14+00:00,2023-01-02 06:27:14+00:00,0.0,1,0.0,2023-01-02 00:00:00+00:00,2023-01-02,2023-01-01,6
197,2023-01-02 06:27:21+00:00,2023-01-02 06:27:21+00:00,0.0,1,0.0,2023-01-02 00:00:00+00:00,2023-01-02,2023-01-01,6
198,2023-01-02 06:27:27+00:00,2023-01-02 06:27:31+00:00,4.0,3,0.06666666666666667,2023-01-02 00:00:00+00:00,2023-01-02,2023-01-01,6
199,2023-01-02 06:27:36+00:00,2023-01-02 06:27:40+00:00,4.0,2,0.06666666666666667,2023-01-02 00:00:00+00:00,2023-01-02,2023-01-01,6
200,2023-01-02 06:27:46+00:00,2023-01-02 06:27:46+00:00,0.0,1,0.0,2023-01-02 00:00:00+00:00,2023-01-02,2023-01-01,6
201,2023-01-02 06:27:56+00:00,2023-01-02 06:27:56+00:00,0.0,1,0.0,2023-01-02 00:00:00+00:00,2023-01-02,2023-01-01,6
202,2023-01-02 06:28:06+00:00,2023-01-02 06:28:06+00:00,0.0,1,0.0,2023-01-02 00:00:00+00:00,2023-01-02,2023-01-01,6
203,2023-01-02 06:28:15+00:00,2023-01-02 06:28:15+00:00,0.0,1,0.0,2023-01-02 00:00:00+00:00,2023-01-02,2023-01-01,6
204,2023-01-02 06:28:22+00:00,2023-01-02 06:28:22+00:00,0.0,1,0.0,2023-01-02 00:00:00+00:00,2023-01-02,2023-01-01,6
205,2023-01-02 06:28:29+00:00,2023-01-02 06:28:29+00:00,0.0,1,0.0,2023-01-02 00:00:00+00:00,2023-01-02,2023-01-01,6
206,2023-01-02 06:28:34+00:00,2023-01-02 06:28:34+00:00,0.0,1,0.0,2023-01-02 00:00:00+00:00,2023-01-02,2023-01-01,6
207,2023-01-02 06:28:40+00:00,2023-01-02 06:28:40+00:00,0.0,1,0.0,2023-01-02 00:00:00+00:00,2023-01-02,2023-01-01,6
208,2023-01-02 06:28:47+00:00,2023-01-02 06:28:47+00:00,0.0,1,0.0,2023-01-02 00:00:00+00:00,2023-01-02,2023-01-01,6
209,2023-01-02 06:28:55+00:00,2023-01-02 06:28:55+00:00,0.0,1,0.0,2023-01-02 00:00:00+00:00,2023-01-02,2023-01-01,6
210,2023-01-02 06:29:00+00:00,2023-01-02 06:29:08+00:00,8.0,3,0.13333333333333333,2023-01-02 00:00:00+00:00,2023-01-02,2023-01-01,6
211,2023-01-02 06:29:16+00:00,2023-01-02 06:29:28+00:00,12.0,4,0.2,2023-01-02 00:00:00+00:00,2023-01-02,2023-01-01,6
212,2023-01-02 06:29:36+00:00,2023-01-02 06:29:36+00:00,0.0,1,0.0,2023-01-02 00:00:00+00:00,2023-01-02,2023-01-01,6
213,2023-01-02 06:29:42+00:00,2023-01-02 06:29:58+00:00,16.0,5,0.26666666666666666,2023-01-02 00:00:00+00:00,2023-01-02,2023-01-01,6
214,2023-01-02 06:30:03+00:00,2023-01-02 06:30:03+00:00,0.0,1,0.0,2023-01-02 00:00:00+00:00,2023-01-02,2023-01-01,6
215,2023-01-02 06:30:08+00:00,2023-01-02 06:30:08+00:00,0.0,1,0.0,2023-01-02 00:00:00+00:00,2023-01-02,2023-01-01,6
216,2023-01-02 06:30:18+00:00,2023-01-02 06:30:18+00:00,0.0,1,0.0,2023-01-02 00:00:00+00:00,2023-01-02,2023-01-01,6
217,2023-01-02 06:30:23+00:00,2023-01-02 06:30:23+00:00,0.0,1,0.0,2023-01-02 00:00:00+00:00,2023-01-02,2023-01-01,6
218,2023-01-02 06:30:29+00:00,2023-01-02 06:30:32+00:00,3.0,2,0.05,2023-01-02 00:00:00+00:00,2023-01-02,2023-01-01,6
219,2023-01-02 06:30:38+00:00,2023-01-02 06:30:38+00:00,0.0,1,0.0,2023-01-02 00:00:00+00:00,2023-01-02,2023-01-01,6
220,2023-01-02 06:30:45+00:00,2023-01-02 06:30:49+00:00,4.0,2,0.06666666666666667,2023-01-02 00:00:00+00:00,2023-01-02,2023-01-01,6
221,2023-01-02 06:30:54+00:00,2023-01-02 06:30:54+00:00,0.0,1,0.0,2023-01-02 00:00:00+00:00,2023-01-02,2023-01-01,6
222,2023-01-02 06:31:02+00:00,2023-01-02 06:31:02+00:00,0.0,1,0.0,2023-01-02 00:00:00+00:00,2023-01-02,2023-01-01,6
223,2023-01-02 06:31:07+00:00,2023-01-02 06:31:15+00:00,8.0,3,0.13333333333333333,2023-01-02 00:00:00+00:00,2023-01-02,2023-01-01,6
224,2023-01-02 06:31:23+00:00,2023-01-02 06:31:27+00:00,4.0,2,0.06666666666666667,2023-01-02 00:00:00+00:00,2023-01-02,2023-01-01,6
225,2023-01-02 06:31:33+00:00,2023-01-02 06:31:36+00:00,3.0,2,0.05,2023-01-02 00:00:00+00:00,2023-01-02,2023-01-01,6
226,2023-01-02 06:31:44+00:00,2023-01-02 06:31:48+00:00,4.0,2,0.06666666666666667,2023-01-02 00:00:00+00:00,2023-01-02,2023-01-01,6
227,2023-01-02 06:31:57+00:00,2023-01-02 06:31:57+00:00,0.0,1,0.0,2023-01-02 00:00:00+00:00,2023-01-02,2023-01-01,6
228,2023-01-02 06:32:05+00:00,2023-01-02 06:32:05+00:00,0.0,1,0.0,2023-01-02 00:00:00+00:00,2023-01-02,2023-01-01,6
229,2023-01-02 06:32:12+00:00,2023-01-02 06:32:12+00:00,0.0,1,0.0,2023-01-02 00:00:00+00:00,2023-01-02,2023-01-01,6
230,2023-01-02 06:32:19+00:00,2023-01-02 06:32:19+00:00,0.0,1,0.0,2023-01-02 00:00:00+00:00,2023-01-02,2023-01-01,6
231,2023-01-02 06:32:30+00:00,2023-01-02 06:32:30+00:00,0.0,1,0.0,2023-01-02 00:00:00+00:00,2023-01-02,2023-01-01,6
232,2023-01-02 06:32:38+00:00,2023-01-02 06:32:38+00:00,0.0,1,0.0,2023-01-02 00:00:00+00:00,2023-01-02,2023-01-01,6
233,2023-01-02 06:32:46+00:00,2023-01-02 06:32:46+00:00,0.0,1,0.0,2023-01-02 00:00:00+00:00,2023-01-02,2023-01-01,6
234,2023-01-02 06:32:52+00:00,2023-01-02 06:32:52+00:00,0.0,1,0.0,2023-01-02 00:00:00+00:00,2023-01-02,2023-01-01,6
235,2023-01-02 06:32:57+00:00,2023-01-02 06:33:01+00:00,4.0,2,0.06666666666666667,2023-01-02 00:00:00+00:00,2023-01-02,2023-01-01,6
236,2023-01-02 06:33:08+00:00,2023-01-02 06:33:08+00:00,0.0,1,0.0,2023-01-02 00:00:00+00:00,2023-01-02,2023-01-01,6
237,2023-01-02 06:33:15+00:00,2023-01-02 06:33:15+00:00,0.0,1,0.0,2023-01-02 00:00:00+00:00,2023-01-02,2023-01-01,6
238,2023-01-02 06:33:26+00:00,2023-01-02 06:33:26+00:00,0.0,1,0.0,2023-01-02 00:00:00+00:00,2023-01-02,2023-01-01,6
239,2023-01-02 06:33:33+00:00,2023-01-02 06:33:33+00:00,0.0,1,0.0,2023-01-02 00:00:00+00:00,2023-01-02,2023-01-01,6
240,2023-01-02 06:33:42+00:00,2023-01-02 06:33:42+00:00,0.0,1,0.0,2023-01-02 00:00:00+00:00,2023-01-02,2023-01-01,6
241,2023-01-02 06:33:47+00:00,2023-01-02 06:33:47+00:00,0.0,1,0.0,2023-01-02 00:00:00+00:00,2023-01-02,2023-01-01,6
242,2023-01-02 06:33:56+00:00,2023-01-02 06:33:56+00:00,0.0,1,0.0,2023-01-02 00:00:00+00:00,2023-01-02,2023-01-01,6
243,2023-01-02 06:34:03+00:00,2023-01-02 06:34:03+00:00,0.0,1,0.0,2023-01-02 00:00:00+00:00,2023-01-02,2023-01-01,6
244,2023-01-02 06:34:09+00:00,2023-01-02 06:34:09+00:00,0.0,1,0.0,2023-01-02 00:00:00+00:00,2023-01-02,2023-01-01,6
245,2023-01-02 06:34:15+00:00,2023-01-02 06:34:18+00:00,3.0,2,0.05,2023-01-02 00:00:00+00:00,2023-01-02,2023-01-01,6
246,2023-01-02 06:34:30+00:00,2023-01-02 06:34:30+00:00,0.0,1,0.0,2023-01-02 00:00:00+00:00,2023-01-02,2023-01-01,6
247,2023-01-02 06:34:36+00:00,2023-01-02 06:34:36+00:00,0.0,1,0.0,2023-01-02 00:00:00+00:00,2023-01-02,2023-01-01,6
248,2023-01-02 06:34:42+00:00,2023-01-02 06:34:51+00:00,9.0,4,0.15,2023-01-02 00:00:00+00:00,2023-01-02,2023-01-01,6
249,2023-01-02 06:34:58+00:00,2023-01-02 06:34:58+00:00,0.0,1,0.0,2023-01-02 00:00:00+00:00,2023-01-02,2023-01-01,6
250,2023-01-02 06:35:08+00:00,2023-01-02 06:35:25+00:00,17.0,6,0.2833333333333333,2023-01-02 00:00:00+00:00,2023-01-02,2023-01-01,6
251,2023-01-02 06:35:32+00:00,2023-01-02 06:35:32+00:00,0.0,1,0.0,2023-01-02 00:00:00+00:00,2023-01-02,2023-01-01,6
252,2023-01-02 06:35:38+00:00,2023-01-02 06:35:38+00:00,0.0,1,0.0,2023-01-02 00:00:00+00:00,2023-01-02,2023-01-01,6
253,2023-01-02 06:35:45+00:00,2023-01-02 06:35:45+00:00,0.0,1,0.0,2023-01-02 00:00:00+00:00,2023-01-02,2023-01-01,6
254,2023-01-02 06:35:50+00:00,2023-01-02 06:35:50+00:00,0.0,1,0.0,2023-01-02 00:00:00+00:00,2023-01-02,2023-01-01,6
255,2023-01-02 06:35:57+00:00,2023-01-02 06:35:58+00:00,1.0,2,0.016666666666666666,2023-01-02 00:00:00+00:00,2023-01-02,2023-01-01,6
256,2023-01-02 06:36:05+00:00,2023-01-02 06:36:05+00:00,0.0,1,0.0,2023-01-02 00:00:00+00:00,2023-01-02,2023-01-01,6
257,2023-01-02 06:36:10+00:00,2023-01-02 06:36:10+00:00,0.0,1,0.0,2023-01-02 00:00:00+00:00,2023-01-02,2023-01-01,6
258,2023-01-02 06:36:15+00:00,2023-01-02 06:36:15+00:00,0.0,1,0.0,2023-01-02 00:00:00+00:00,2023-01-02,2023-01-01,6
259,2023-01-02 06:36:23+00:00,2023-01-02 06:36:23+00:00,0.0,1,0.0,2023-01-02 00:00:00+00:00,2023-01-02,2023-01-01,6
260,2023-01-02 06:36:29+00:00,2023-01-02 06:36:33+00:00,4.0,2,0.06666666666666667,2023-01-02 00:00:00+00:00,2023-01-02,2023-01-01,6
261,2023-01-02 06:36:42+00:00,2023-01-02 06:36:49+00:00,7.0,3,0.11666666666666667,2023-01-02 00:00:00+00:00,2023-01-02,2023-01-01,6
262,2023-01-02 06:36:54+00:00,2023-01-02 06:36:58+00:00,4.0,2,0.06666666666666667,2023-01-02 00:00:00+00:00,2023-01-02,2023-01-01,6
263,2023-01-02 06:37:05+00:00,2023-01-02 06:37:05+00:00,0.0,1,0.0,2023-01-02 00:00:00+00:00,2023-01-02,2023-01-01,6
264,2023-01-02 06:37:10+00:00,2023-01-02 06:37:10+00:00,0.0,1,0.0,2023-01-02 00:00:00+00:00,2023-01-02,2023-01-01,6
265,2023-01-02 06:37:16+00:00,2023-01-02 06:37:16+00:00,0.0,1,0.0,2023-01-02 00:00:00+00:00,2023-01-02,2023-01-01,6
266,2023-01-02 06:37:21+00:00,2023-01-02 06:37:21+00:00,0.0,1,0.0,2023-01-02 00:00:00+00:00,2023-01-02,2023-01-01,6
267,2023-01-02 06:37:26+00:00,2023-01-02 06:37:26+00:00,0.0,1,0.0,2023-01-02 00:00:00+00:00,2023-01-02,2023-01-01,6
268,2023-01-02 06:37:33+00:00,2023-01-02 06:37:33+00:00,0.0,1,0.0,2023-01-02 00:00:00+00:00,2023-01-02,2023-01-01,6
269,2023-01-02 06:37:40+00:00,2023-01-02 06:37:40+00:00,0.0,1,0.0,2023-01-02 00:00:00+00:00,2023-01-02,2023-01-01,6
270,2023-01-02 06:37:48+00:00,2023-01-02 06:37:48+00:00,0.0,1,0.0,2023-01-02 00:00:00+00:00,2023-01-02,2023-01-01,6
271,2023-01-02 06:37:53+00:00,2023-01-02 06:37:53+00:00,0.0,1,0.0,2023-01-02 00:00:00+00:00,2023-01-02,2023-01-01,6
272,2023-01-02 06:37:59+00:00,2023-01-02 06:38:03+00:00,4.0,2,0.06666666666666667,2023-01-02 00:00:00+00:00,2023-01-02,2023-01-01,6
273,2023-01-02 06:38:09+00:00,2023-01-02 06:38:11+00:00,2.0,2,0.03333333333333333,2023-01-02 00:00:00+00:00,2023-01-02,2023-01-01,6
274,2023-01-02 06:38:17+00:00,2023-01-02 06:38:17+00:00,0.0,1,0.0,2023-01-02 00:00:00+00:00,2023-01-02,2023-01-01,6
275,2023-01-02 06:38:23+00:00,2023-01-02 06:38:23+00:00,0.0,1,0.0,2023-01-02 00:00:00+00:00,2023-01-02,2023-01-01,6
276,2023-01-02 06:38:32+00:00,2023-01-02 06:38:32+00:00,0.0,1,0.0,2023-01-02 00:00:00+00:00,2023-01-02,2023-01-01,6
277,2023-01-02 06:38:40+00:00,2023-01-02 06:38:44+00:00,4.0,2,0.06666666666666667,2023-01-02 00:00:00+00:00,2023-01-02,2023-01-01,6
278,2023-01-02 06:38:50+00:00,2023-01-02 06:38:52+00:00,2.0,2,0.03333333333333333,2023-01-02 00:00:00+00:00,2023-01-02,2023-01-01,6
279,2023-01-02 06:39:01+00:00,2023-01-02 06:39:01+00:00,0.0,1,0.0,2023-01-02 00:00:00+00:00,2023-01-02,2023-01-01,6
280,2023-01-02 06:39:08+00:00,2023-01-02 06:39:08+00:00,0.0,1,0.0,2023-01-02 00:00:00+00:00,2023-01-02,2023-01-01,6
281,2023-01-02 06:39:15+00:00,2023-01-02 06:39:15+00:00,0.0,1,0.0,2023-01-02 00:00:00+00:00,2023-01-02,2023-01-01,6
282,2023-01-02 06:39:23+00:00,2023-01-02 06:39:23+00:00,0.0,1,0.0,2023-01-02 00:00:00+00:00,2023-01-02,2023-01-01,6
283,2023-01-02 06:39:28+00:00,2023-01-02 06:39:28+00:00,0.0,1,0.0,2023-01-02 00:00:00+00:00,2023-01-02,2023-01-01,6
284,2023-01-02 06:39:33+00:00,2023-01-02 06:39:33+00:00,0.0,1,0.0,2023-01-02 00:00:00+00:00,2023-01-02,2023-01-01,6
285,2023-01-02 06:39:39+00:00,2023-01-02 06:39:39+00:00,0.0,1,0.0,2023-01-02 00:00:00+00:00,2023-01-02,2023-01-01,6
286,2023-01-02 06:39:49+00:00,2023-01-02 06:39:49+00:00,0.0,1,0.0,2023-01-02 00:00:00+00:00,2023-01-02,2023-01-01,6
287,2023-01-02 06:40:00+00:00,2023-01-02 06:40:00+00:00,0.0,1,0.0,2023-01-02 00:00:00+00:00,2023-01-02,2023-01-01,6
288,2023-01-02 06:40:11+00:00,2023-01-02 06:40:11+00:00,0.0,1,0.0,2023-01-02 00:00:00+00:00,2023-01-02,2023-01-01,6
289,2023-01-02 06:40:19+00:00,2023-01-02 06:40:22+00:00,3.0,2,0.05,2023-01-02 00:00:00+00:00,2023-01-02,2023-01-01,6
290,2023-01-02 06:40:35+00:00,2023-01-02 06:40:35+00:00,0.0,1,0.0,2023-01-02 00:00:00+00:00,2023-01-02,2023-01-01,6
291,2023-01-02 06:40:41+00:00,2023-01-02 06:40:41+00:00,0.0,1,0.0,2023-01-02 00:00:00+00:00,2023-01-02,2023-01-01,6
292,2023-01-02 06:40:48+00:00,2023-01-02 06:40:56+00:00,8.0,3,0.13333333333333333,2023-01-02 00:00:00+00:00,2023-01-02,2023-01-01,6
293,2023-01-02 06:41:04+00:00,2023-01-02 06:41:04+00:00,0.0,1,0.0,2023-01-02 00:00:00+00:00,2023-01-02,2023-01-01,6
294,2023-01-02 06:41:10+00:00,2023-01-02 06:41:10+00:00,0.0,1,0.0,2023-01-02 00:00:00+00:00,2023-01-02,2023-01-01,6
295,2023-01-02 06:41:17+00:00,2023-01-02 06:41:17+00:00,0.0,1,0.0,2023-01-02 00:00:00+00:00,2023-01-02,2023-01-01,6
296,2023-01-02 06:41:28+00:00,2023-01-02 06:41:31+00:00,3.0,2,0.05,2023-01-02 00:00:00+00:00,2023-01-02,2023-01-01,6
297,2023-01-02 06:41:37+00:00,2023-01-02 06:41:37+00:00,0.0,1,0.0,2023-01-02 00:00:00+00:00,2023-01-02,2023-01-01,6
298,2023-01-02 06:41:45+00:00,2023-01-02 06:41:45+00:00,0.0,1,0.0,2023-01-02 00:00:00+00:00,2023-01-02,2023-01-01,6
299,2023-01-02 06:41:51+00:00,2023-01-02 06:41:51+00:00,0.0,1,0.0,2023-01-02 00:00:00+00:00,2023-01-02,2023-01-01,6
300,2023-01-02 06:41:57+00:00,2023-01-02 06:41:57+00:00,0.0,1,0.0,2023-01-02 00:00:00+00:00,2023-01-02,2023-01-01,6
301,2023-01-02 06:42:02+00:00,2023-01-02 06:42:05+00:00,3.0,2,0.05,2023-01-02 00:00:00+00:00,2023-01-02,2023-01-01,6
302,2023-01-02 06:42:15+00:00,2023-01-02 06:42:19+00:00,4.0,2,0.06666666666666667,2023-01-02 00:00:00+00:00,2023-01-02,2023-01-01,6
303,2023-01-02 06:42:25+00:00,2023-01-02 06:42:32+00:00,7.0,3,0.11666666666666667,2023-01-02 00:00:00+00:00,2023-01-02,2023-01-01,6
304,2023-01-02 06:42:40+00:00,2023-01-02 06:42:40+00:00,0.0,1,0.0,2023-01-02 00:00:00+00:00,2023-01-02,2023-01-01,6
305,2023-01-02 06:42:47+00:00,2023-01-02 06:42:52+00:00,5.0,3,0.08333333333333333,2023-01-02 00:00:00+00:00,2023-01-02,2023-01-01,6
306,2023-01-02 06:42:58+00:00,2023-01-02 06:42:58+00:00,0.0,1,0.0,2023-01-02 00:00:00+00:00,2023-01-02,2023-01-01,6
307,2023-01-02 06:43:04+00:00,2023-01-02 06:43:04+00:00,0.0,1,0.0,2023-01-02 00:00:00+00:00,2023-01-02,2023-01-01,6
308,2023-01-02 06:43:10+00:00,2023-01-02 06:43:10+00:00,0.0,1,0.0,2023-01-02 00:00:00+00:00,2023-01-02,2023-01-01,6
309,2023-01-02 06:43:19+00:00,2023-01-02 06:43:19+00:00,0.0,1,0.0,2023-01-02 00:00:00+00:00,2023-01-02,2023-01-01,6
310,2023-01-02 06:43:25+00:00,2023-01-02 06:43:25+00:00,0.0,1,0.0,2023-01-02 00:00:00+00:00,2023-01-02,2023-01-01,6
311,2023-01-02 06:43:39+00:00,2023-01-02 06:43:42+00:00,3.0,2,0.05,2023-01-02 00:00:00+00:00,2023-01-02,2023-01-01,6
312,2023-01-02 06:43:50+00:00,2023-01-02 06:43:50+00:00,0.0,1,0.0,2023-01-02 00:00:00+00:00,2023-01-02,2023-01-01,6
313,2023-01-02 06:43:59+00:00,2023-01-02 06:43:59+00:00,0.0,1,0.0,2023-01-02 00:00:00+00:00,2023-01-02,2023-01-01,6
314,2023-01-02 06:44:04+00:00,2023-01-02 06:44:08+00:00,4.0,2,0.06666666666666667,2023-01-02 00:00:00+00:00,2023-01-02,2023-01-01,6
315,2023-01-02 06:44:13+00:00,2023-01-02 06:44:17+00:00,4.0,2,0.06666666666666667,2023-01-02 00:00:00+00:00,2023-01-02,2023-01-01,6
316,2023-01-02 06:44:23+00:00,2023-01-02 06:44:25+00:00,2.0,2,0.03333333333333333,2023-01-02 00:00:00+00:00,2023-01-02,2023-01-01,6
317,2023-01-02 06:44:33+00:00,2023-01-02 06:44:33+00:00,0.0,1,0.0,2023-01-02 00:00:00+00:00,2023-01-02,2023-01-01,6
318,2023-01-02 06:44:43+00:00,2023-01-02 06:44:50+00:00,7.0,3,0.11666666666666667,2023-01-02 00:00:00+00:00,2023-01-02,2023-01-01,6
319,2023-01-02 06:45:01+00:00,2023-01-02 06:45:01+00:00,0.0,1,0.0,2023-01-02 00:00:00+00:00,2023-01-02,2023-01-01,6
320,2023-01-02 06:45:08+00:00,2023-01-02 06:45:09+00:00,1.0,2,0.016666666666666666,2023-01-02 00:00:00+00:00,2023-01-02,2023-01-01,6
321,2023-01-02 06:45:15+00:00,2023-01-02 06:45:15+00:00,0.0,1,0.0,2023-01-02 00:00:00+00:00,2023-01-02,2023-01-01,6
322,2023-01-02 06:45:22+00:00,2023-01-02 06:45:25+00:00,3.0,2,0.05,2023-01-02 00:00:00+00:00,2023-01-02,2023-01-01,6
323,2023-01-02 06:45:30+00:00,2023-01-02 06:45:31+00:00,1.0,2,0.016666666666666666,2023-01-02 00:00:00+00:00,2023-01-02,2023-01-01,6
324,2023-01-02 06:45:37+00:00,2023-01-02 06:45:37+00:00,0.0,1,0.0,2023-01-02 00:00:00+00:00,2023-01-02,2023-01-01,6
325,2023-01-02 06:45:43+00:00,2023-01-02 06:45:43+00:00,0.0,1,0.0,2023-01-02 00:00:00+00:00,2023-01-02,2023-01-01,6
326,2023-01-02 06:45:49+00:00,2023-01-02 06:45:49+00:00,0.0,1,0.0,2023-01-02 00:00:00+00:00,2023-01-02,2023-01-01,6
327,2023-01-02 06:45:54+00:00,2023-01-02 06:45:57+00:00,3.0,2,0.05,2023-01-02 00:00:00+00:00,2023-01-02,2023-01-01,6
328,2023-01-02 06:46:04+00:00,2023-01-02 06:46:04+00:00,0.0,1,0.0,2023-01-02 00:00:00+00:00,2023-01-02,2023-01-01,6
329,2023-01-02 06:46:11+00:00,2023-01-02 06:46:11+00:00,0.0,1,0.0,2023-01-02 00:00:00+00:00,2023-01-02,2023-01-01,6
330,2023-01-02 06:46:21+00:00,2023-01-02 06:46:21+00:00,0.0,1,0.0,2023-01-02 00:00:00+00:00,2023-01-02,2023-01-01,6
331,2023-01-02 06:46:28+00:00,2023-01-02 06:46:28+00:00,0.0,1,0.0,2023-01-02 00:00:00+00:00,2023-01-02,2023-01-01,6
332,2023-01-02 06:46:33+00:00,2023-01-02 06:46:34+00:00,1.0,2,0.016666666666666666,2023-01-02 00:00:00+00:00,2023-01-02,2023-01-01,6
333,2023-01-02 06:46:44+00:00,2023-01-02 06:46:44+00:00,0.0,1,0.0,2023-01-02 00:00:00+00:00,2023-01-02,2023-01-01,6
334,2023-01-02 06:46:51+00:00,2023-01-02 06:46:51+00:00,0.0,1,0.0,2023-01-02 00:00:00+00:00,2023-01-02,2023-01-01,6
335,2023-01-02 06:46:59+00:00,2023-01-02 06:47:02+00:00,3.0,2,0.05,2023-01-02 00:00:00+00:00,2023-01-02,2023-01-01,6
336,2023-01-02 06:47:10+00:00,2023-01-02 06:47:14+00:00,4.0,2,0.06666666666666667,2023-01-02 00:00:00+00:00,2023-01-02,2023-01-01,6
337,2023-01-02 06:47:24+00:00,2023-01-02 06:47:28+00:00,4.0,2,0.06666666666666667,2023-01-02 00:00:00+00:00,2023-01-02,2023-01-01,6
338,2023-01-02 06:47:34+00:00,2023-01-02 06:47:46+00:00,12.0,4,0.2,2023-01-02 00:00:00+00:00,2023-01-02,2023-01-01,6
339,2023-01-02 06:47:56+00:00,2023-01-02 06:48:00+00:00,4.0,2,0.06666666666666667,2023-01-02 00:00:00+00:00,2023-01-02,2023-01-01,6
340,2023-01-02 06:48:05+00:00,2023-01-02 06:48:05+00:00,0.0,1,0.0,2023-01-02 00:00:00+00:00,2023-01-02,2023-01-01,6
341,2023-01-02 06:48:16+00:00,2023-01-02 06:48:16+00:00,0.0,1,0.0,2023-01-02 00:00:00+00:00,2023-01-02,2023-01-01,6
342,2023-01-02 06:48:22+00:00,2023-01-02 06:48:22+00:00,0.0,1,0.0,2023-01-02 00:00:00+00:00,2023-01-02,2023-01-01,6
343,2023-01-02 06:48:29+00:00,2023-01-02 06:48:31+00:00,2.0,2,0.03333333333333333,2023-01-02 00:00:00+00:00,2023-01-02,2023-01-01,6
344,2023-01-02 06:48:40+00:00,2023-01-02 06:48:40+00:00,0.0,1,0.0,2023-01-02 00:00:00+00:00,2023-01-02,2023-01-01,6
345,2023-01-02 06:48:51+00:00,2023-01-02 06:48:58+00:00,7.0,3,0.11666666666666667,2023-01-02 00:00:00+00:00,2023-01-02,2023-01-01,6
346,2023-01-02 06:49:04+00:00,2023-01-02 06:49:04+00:00,0.0,1,0.0,2023-01-02 00:00:00+00:00,2023-01-02,2023-01-01,6
347,2023-01-02 06:49:09+00:00,2023-01-02 06:49:09+00:00,0.0,1,0.0,2023-01-02 00:00:00+00:00,2023-01-02,2023-01-01,6
348,2023-01-02 06:49:20+00:00,2023-01-02 06:49:20+00:00,0.0,1,0.0,2023-01-02 00:00:00+00:00,2023-01-02,2023-01-01,6
349,2023-01-02 06:49:25+00:00,2023-01-02 06:49:25+00:00,0.0,1,0.0,2023-01-02 00:00:00+00:00,2023-01-02,2023-01-01,6
350,2023-01-02 06:49:36+00:00,2023-01-02 06:49:36+00:00,0.0,1,0.0,2023-01-02 00:00:00+00:00,2023-01-02,2023-01-01,6
351,2023-01-02 06:49:41+00:00,2023-01-02 06:49:41+00:00,0.0,1,0.0,2023-01-02 00:00:00+00:00,2023-01-02,2023-01-01,6
352,2023-01-02 06:49:51+00:00,2023-01-02 06:49:51+00:00,0.0,1,0.0,2023-01-02 00:00:00+00:00,2023-01-02,2023-01-01,6
353,2023-01-02 06:49:59+00:00,2023-01-02 06:49:59+00:00,0.0,1,0.0,2023-01-02 00:00:00+00:00,2023-01-02,2023-01-01,6
354,2023-01-02 06:50:05+00:00,2023-01-02 06:50:05+00:00,0.0,1,0.0,2023-01-02 00:00:00+00:00,2023-01-02,2023-01-01,6
355,2023-01-02 06:50:11+00:00,2023-01-02 06:50:18+00:00,7.0,3,0.11666666666666667,2023-01-02 00:00:00+00:00,2023-01-02,2023-01-01,6
356,2023-01-02 06:50:26+00:00,2023-01-02 06:50:26+00:00,0.0,1,0.0,2023-01-02 00:00:00+00:00,2023-01-02,2023-01-01,6
357,2023-01-02 06:50:32+00:00,2023-01-02 06:50:32+00:00,0.0,1,0.0,2023-01-02 00:00:00+00:00,2023-01-02,2023-01-01,6
358,2023-01-02 06:50:39+00:00,2023-01-02 06:50:39+00:00,0.0,1,0.0,2023-01-02 00:00:00+00:00,2023-01-02,2023-01-01,6
359,2023-01-02 06:50:46+00:00,2023-01-02 06:50:46+00:00,0.0,1,0.0,2023-01-02 00:00:00+00:00,2023-01-02,2023-01-01,6
360,2023-01-02 06:50:59+00:00,2023-01-02 06:51:02+00:00,3.0,2,0.05,2023-01-02 00:00:00+00:00,2023-01-02,2023-01-01,6
361,2023-01-02 06:51:10+00:00,2023-01-02 06:51:10+00:00,0.0,1,0.0,2023-01-02 00:00:00+00:00,2023-01-02,2023-01-01,6
362,2023-01-02 06:51:15+00:00,2023-01-02 06:51:15+00:00,0.0,1,0.0,2023-01-02 00:00:00+00:00,2023-01-02,2023-01-01,6
363,2023-01-02 06:51:22+00:00,2023-01-02 06:51:22+00:00,0.0,1,0.0,2023-01-02 00:00:00+00:00,2023-01-02,2023-01-01,6
364,2023-01-02 06:51:28+00:00,2023-01-02 06:51:36+00:00,8.0,3,0.13333333333333333,2023-01-02 00:00:00+00:00,2023-01-02,2023-01-01,6
365,2023-01-02 06:51:43+00:00,2023-01-02 06:51:47+00:00,4.0,2,0.06666666666666667,2023-01-02 00:00:00+00:00,2023-01-02,2023-01-01,6
366,2023-01-02 06:51:52+00:00,2023-01-02 06:51:52+00:00,0.0,1,0.0,2023-01-02 00:00:00+00:00,2023-01-02,2023-01-01,6
367,2023-01-02 06:51:59+00:00,2023-01-02 06:51:59+00:00,0.0,1,0.0,2023-01-02 00:00:00+00:00,2023-01-02,2023-01-01,6
368,2023-01-02 06:52:07+00:00,2023-01-02 06:52:07+00:00,0.0,1,0.0,2023-01-02 00:00:00+00:00,2023-01-02,2023-01-01,6
369,2023-01-02 06:52:12+00:00,2023-01-02 06:52:15+00:00,3.0,2,0.05,2023-01-02 00:00:00+00:00,2023-01-02,2023-01-01,6
370,2023-01-02 06:52:20+00:00,2023-01-02 06:52:20+00:00,0.0,1,0.0,2023-01-02 00:00:00+00:00,2023-01-02,2023-01-01,6
371,2023-01-02 06:52:28+00:00,2023-01-02 06:52:31+00:00,3.0,2,0.05,2023-01-02 00:00:00+00:00,2023-01-02,2023-01-01,6
372,2023-01-02 06:52:36+00:00,2023-01-02 06:52:36+00:00,0.0,1,0.0,2023-01-02 00:00:00+00:00,2023-01-02,2023-01-01,6
373,2023-01-02 06:52:41+00:00,2023-01-02 06:52:43+00:00,2.0,2,0.03333333333333333,2023-01-02 00:00:00+00:00,2023-01-02,2023-01-01,6
374,2023-01-02 06:52:49+00:00,2023-01-02 06:52:49+00:00,0.0,1,0.0,2023-01-02 00:00:00+00:00,2023-01-02,2023-01-01,6
375,2023-01-02 06:52:56+00:00,2023-01-02 06:52:56+00:00,0.0,1,0.0,2023-01-02 00:00:00+00:00,2023-01-02,2023-01-01,6
376,2023-01-02 06:53:01+00:00,2023-01-02 06:53:01+00:00,0.0,1,0.0,2023-01-02 00:00:00+00:00,2023-01-02,2023-01-01,6
377,2023-01-02 06:53:12+00:00,2023-01-02 06:53:12+00:00,0.0,1,0.0,2023-01-02 00:00:00+00:00,2023-01-02,2023-01-01,6
378,2023-01-02 06:53:19+00:00,2023-01-02 06:53:19+00:00,0.0,1,0.0,2023-01-02 00:00:00+00:00,2023-01-02,2023-01-01,6
379,2023-01-02 06:53:28+00:00,2023-01-02 06:53:28+00:00,0.0,1,0.0,2023-01-02 00:00:00+00:00,2023-01-02,2023-01-01,6
380,2023-01-02 06:53:37+00:00,2023-01-02 06:53:37+00:00,0.0,1,0.0,2023-01-02 00:00:00+00:00,2023-01-02,2023-01-01,6
381,2023-01-02 06:53:44+00:00,2023-01-02 06:53:44+00:00,0.0,1,0.0,2023-01-02 00:00:00+00:00,2023-01-02,2023-01-01,6
382,2023-01-02 06:53:50+00:00,2023-01-02 06:53:50+00:00,0.0,1,0.0,2023-01-02 00:00:00+00:00,2023-01-02,2023-01-01,6
383,2023-01-02 06:53:56+00:00,2023-01-02 06:53:56+00:00,0.0,1,0.0,2023-01-02 00:00:00+00:00,2023-01-02,2023-01-01,6
384,2023-01-02 06:54:04+00:00,2023-01-02 06:54:04+00:00,0.0,1,0.0,2023-01-02 00:00:00+00:00,2023-01-02,2023-01-01,6
385,2023-01-02 06:54:13+00:00,2023-01-02 06:54:13+00:00,0.0,1,0.0,2023-01-02 00:00:00+00:00,2023-01-02,2023-01-01,6
386,2023-01-02 06:54:22+00:00,2023-01-02 06:54:22+00:00,0.0,1,0.0,2023-01-02 00:00:00+00:00,2023-01-02,2023-01-01,6
387,2023-01-02 06:54:31+00:00,2023-01-02 06:54:31+00:00,0.0,1,0.0,2023-01-02 00:00:00+00:00,2023-01-02,2023-01-01,6
388,2023-01-02 06:54:38+00:00,2023-01-02 06:54:41+00:00,3.0,2,0.05,2023-01-02 00:00:00+00:00,2023-01-02,2023-01-01,6
389,2023-01-02 06:54:49+00:00,2023-01-02 06:54:49+00:00,0.0,1,0.0,2023-01-02 00:00:00+00:00,2023-01-02,2023-01-01,6
390,2023-01-02 06:54:57+00:00,2023-01-02 06:54:59+00:00,2.0,2,0.03333333333333333,2023-01-02 00:00:00+00:00,2023-01-02,2023-01-01,6
391,2023-01-02 06:55:04+00:00,2023-01-02 06:55:13+00:00,9.0,4,0.15,2023-01-02 00:00:00+00:00,2023-01-02,2023-01-01,6
392,2023-01-02 06:55:20+00:00,2023-01-02 06:55:20+00:00,0.0,1,0.0,2023-01-02 00:00:00+00:00,2023-01-02,2023-01-01,6
393,2023-01-02 06:55:25+00:00,2023-01-02 06:55:25+00:00,0.0,1,0.0,2023-01-02 00:00:00+00:00,2023-01-02,2023-01-01,6
394,2023-01-02 06:55:30+00:00,2023-01-02 06:55:30+00:00,0.0,1,0.0,2023-01-02 00:00:00+00:00,2023-01-02,2023-01-01,6
395,2023-01-02 06:55:35+00:00,2023-01-02 06:55:39+00:00,4.0,2,0.06666666666666667,2023-01-02 00:00:00+00:00,2023-01-02,2023-01-01,6
396,2023-01-02 06:55:45+00:00,2023-01-02 06:55:45+00:00,0.0,1,0.0,2023-01-02 00:00:00+00:00,2023-01-02,2023-01-01,6
397,2023-01-02 06:55:52+00:00,2023-01-02 06:55:55+00:00,3.0,2,0.05,2023-01-02 00:00:00+00:00,2023-01-02,2023-01-01,6
398,2023-01-02 06:56:03+00:00,2023-01-02 06:56:07+00:00,4.0,2,0.06666666666666667,2023-01-02 00:00:00+00:00,2023-01-02,2023-01-01,6
399,2023-01-02 06:56:13+00:00,2023-01-02 06:56:13+00:00,0.0,1,0.0,2023-01-02 00:00:00+00:00,2023-01-02,2023-01-01,6
400,2023-01-02 06:56:20+00:00,2023-01-02 06:56:20+00:00,0.0,1,0.0,2023-01-02 00:00:00+00:00,2023-01-02,2023-01-01,6
401,2023-01-02 06:56:31+00:00,2023-01-02 06:56:38+00:00,7.0,3,0.11666666666666667,2023-01-02 00:00:00+00:00,2023-01-02,2023-01-01,6
402,2023-01-02 06:56:45+00:00,2023-01-02 06:56:45+00:00,0.0,1,0.0,2023-01-02 00:00:00+00:00,2023-01-02,2023-01-01,6
403,2023-01-02 06:56:53+00:00,2023-01-02 06:56:53+00:00,0.0,1,0.0,2023-01-02 00:00:00+00:00,2023-01-02,2023-01-01,6
404,2023-01-02 06:57:01+00:00,2023-01-02 06:57:01+00:00,0.0,1,0.0,2023-01-02 00:00:00+00:00,2023-01-02,2023-01-01,6
405,2023-01-02 06:57:06+00:00,2023-01-02 06:57:13+00:00,7.0,3,0.11666666666666667,2023-01-02 00:00:00+00:00,2023-01-02,2023-01-01,6
406,2023-01-02 06:57:20+00:00,2023-01-02 06:57:20+00:00,0.0,1,0.0,2023-01-02 00:00:00+00:00,2023-01-02,2023-01-01,6
407,2023-01-02 06:57:26+00:00,2023-01-02 06:57:26+00:00,0.0,1,0.0,2023-01-02 00:00:00+00:00,2023-01-02,2023-01-01,6
408,2023-01-02 06:57:33+00:00,2023-01-02 06:57:33+00:00,0.0,1,0.0,2023-01-02 00:00:00+00:00,2023-01-02,2023-01-01,6
409,2023-01-02 06:57:41+00:00,2023-01-02 06:57:41+00:00,0.0,1,0.0,2023-01-02 00:00:00+00:00,2023-01-02,2023-01-01,6
410,2023-01-02 06:57:47+00:00,2023-01-02 06:57:50+00:00,3.0,2,0.05,2023-01-02 00:00:00+00:00,2023-01-02,2023-01-01,6
411,2023-01-02 06:57:59+00:00,2023-01-02 06:57:59+00:00,0.0,1,0.0,2023-01-02 00:00:00+00:00,2023-01-02,2023-01-01,6
412,2023-01-02 06:58:05+00:00,2023-01-02 06:58:05+00:00,0.0,1,0.0,2023-01-02 00:00:00+00:00,2023-01-02,2023-01-01,6
413,2023-01-02 06:58:11+00:00,2023-01-02 06:58:11+00:00,0.0,1,0.0,2023-01-02 00:00:00+00:00,2023-01-02,2023-01-01,6
414,2023-01-02 06:58:21+00:00,2023-01-02 06:58:21+00:00,0.0,1,0.0,2023-01-02 00:00:00+00:00,2023-01-02,2023-01-01,6
415,2023-01-02 06:58:29+00:00,2023-01-02 06:58:29+00:00,0.0,1,0.0,2023-01-02 00:00:00+00:00,2023-01-02,2023-01-01,6
416,2023-01-02 06:58:36+00:00,2023-01-02 06:58:36+00:00,0.0,1,0.0,2023-01-02 00:00:00+00:00,2023-01-02,2023-01-01,6
417,2023-01-02 06:58:49+00:00,2023-01-02 06:58:49+00:00,0.0,1,0.0,2023-01-02 00:00:00+00:00,2023-01-02,2023-01-01,6
418,2023-01-02 06:58:57+00:00,2023-01-02 06:58:57+00:00,0.0,1,0.0,2023-01-02 00:00:00+00:00,2023-01-02,2023-01-01,6
419,2023-01-02 06:59:03+00:00,2023-01-02 06:59:03+00:00,0.0,1,0.0,2023-01-02 00:00:00+00:00,2023-01-02,2023-01-01,6
420,2023-01-02 06:59:13+00:00,2023-01-02 06:59:13+00:00,0.0,1,0.0,2023-01-02 00:00:00+00:00,2023-01-02,2023-01-01,6
421,2023-01-02 06:59:19+00:00,2023-01-02 06:59:21+00:00,2.0,2,0.03333333333333333,2023-01-02 00:00:00+00:00,2023-01-02,2023-01-01,6
422,2023-01-02 06:59:27+00:00,2023-01-02 06:59:27+00:00,0.0,1,0.0,2023-01-02 00:00:00+00:00,2023-01-02,2023-01-01,6
423,2023-01-02 06:59:33+00:00,2023-01-02 06:59:33+00:00,0.0,1,0.0,2023-01-02 00:00:00+00:00,2023-01-02,2023-01-01,6
424,2023-01-02 06:59:43+00:00,2023-01-02 06:59:43+00:00,0.0,1,0.0,2023-01-02 00:00:00+00:00,2023-01-02,2023-01-01,6
425,2023-01-02 06:59:55+00:00,2023-01-02 06:59:55+00:00,0.0,1,0.0,2023-01-02 00:00:00+00:00,2023-01-02,2023-01-01,6
426,2023-01-02 07:00:07+00:00,2023-01-02 07:01:52+00:00,105.0,64,1.75,2023-01-02 00:00:00+00:00,2023-01-02,2023-01-01,7
427,2023-01-02 07:01:58+00:00,2023-01-02 07:03:44+00:00,106.0,67,1.7666666666666666,2023-01-02 00:00:00+00:00,2023-01-02,2023-01-01,7
428,2023-01-02 07:03:50+00:00,2023-01-02 07:04:00+00:00,10.0,7,0.16666666666666666,2023-01-02 00:00:00+00:00,2023-01-02,2023-01-01,7
429,2023-01-02 07:04:05+00:00,2023-01-02 07:04:12+00:00,7.0,6,0.11666666666666667,2023-01-02 00:00:00+00:00,2023-01-02,2023-01-01,7
430,2023-01-02 07:04:17+00:00,2023-01-02 07:05:28+00:00,71.0,42,1.1833333333333333,2023-01-02 00:00:00+00:00,2023-01-02,2023-01-01,7
431,2023-01-02 07:05:33+00:00,2023-01-02 07:05:56+00:00,23.0,13,0.38333333333333336,2023-01-02 00:00:00+00:00,2023-01-02,2023-01-01,7
432,2023-01-02 07:06:02+00:00,2023-01-02 07:07:03+00:00,61.0,38,1.0166666666666666,2023-01-02 00:00:00+00:00,2023-01-02,2023-01-01,7
433,2023-01-02 07:07:08+00:00,2023-01-02 07:09:07+00:00,119.0,83,1.9833333333333334,2023-01-02 00:00:00+00:00,2023-01-02,2023-01-01,7
434,2023-01-02 07:09:13+00:00,2023-01-02 07:09:36+00:00,23.0,21,0.38333333333333336,2023-01-02 00:00:00+00:00,2023-01-02,2023-01-01,7
435,2023-01-02 07:09:41+00:00,2023-01-02 07:10:20+00:00,39.0,26,0.65,2023-01-02 00:00:00+00:00,2023-01-02,2023-01-01,7
436,2023-01-02 07:10:26+00:00,2023-01-02 07:10:28+00:00,2.0,3,0.03333333333333333,2023-01-02 00:00:00+00:00,2023-01-02,2023-01-01,7
437,2023-01-02 07:10:33+00:00,2023-01-02 07:11:37+00:00,64.0,37,1.0666666666666667,2023-01-02 00:00:00+00:00,2023-01-02,2023-01-01,7
438,2023-01-02 07:11:42+00:00,2023-01-02 07:12:09+00:00,27.0,18,0.45,2023-01-02 00:00:00+00:00,2023-01-02,2023-01-01,7
439,2023-01-02 07:12:14+00:00,2023-01-02 07:15:21+00:00,187.0,101,3.1166666666666667,2023-01-02 00:00:00+00:00,2023-01-02,2023-01-01,7
440,2023-01-02 07:15:26+00:00,2023-01-02 07:18:43+00:00,197.0,131,3.283333333333333,2023-01-02 00:00:00+00:00,2023-01-02,2023-01-01,7
441,2023-01-02 07:18:48+00:00,2023-01-02 07:18:59+00:00,11.0,10,0.18333333333333332,2023-01-02 00:00:00+00:00,2023-01-02,2023-01-01,7
442,2023-01-02 07:19:04+00:00,2023-01-02 07:19:37+00:00,33.0,23,0.55,2023-01-02 00:00:00+00:00,2023-01-02,2023-01-01,7
443,2023-01-02 07:19:42+00:00,2023-01-02 07:26:23+00:00,401.0,238,6.683333333333334,2023-01-02 00:00:00+00:00,2023-01-02,2023-01-01,7
444,2023-01-02 07:26:28+00:00,2023-01-02 07:26:49+00:00,21.0,12,0.35,2023-01-02 00:00:00+00:00,2023-01-02,2023-01-01,7
445,2023-01-02 07:26:54+00:00,2023-01-02 07:28:17+00:00,83.0,45,1.3833333333333333,2023-01-02 00:00:00+00:00,2023-01-02,2023-01-01,7
446,2023-01-02 07:28:22+00:00,2023-01-02 07:29:10+00:00,48.0,26,0.8,2023-01-02 00:00:00+00:00,2023-01-02,2023-01-01,7
447,2023-01-02 07:29:15+00:00,2023-01-02 07:29:25+00:00,10.0,6,0.16666666666666666,2023-01-02 00:00:00+00:00,2023-01-02,2023-01-01,7
448,2023-01-02 07:29:31+00:00,2023-01-02 07:30:12+00:00,41.0,25,0.6833333333333333,2023-01-02 00:00:00+00:00,2023-01-02,2023-01-01,7
449,2023-01-02 07:30:17+00:00,2023-01-02 07:38:34+00:00,497.0,298,8.283333333333333,2023-01-02 00:00:00+00:00,2023-01-02,2023-01-01,7
450,2023-01-02 07:38:40+00:00,2023-01-02 07:40:38+00:00,118.0,70,1.9666666666666666,2023-01-02 00:00:00+00:00,2023-01-02,2023-01-01,7
451,2023-01-02 07:40:43+00:00,2023-01-02 07:41:05+00:00,22.0,13,0.36666666666666664,2023-01-02 00:00:00+00:00,2023-01-02,2023-01-01,7
452,2023-01-02 07:41:10+00:00,2023-01-02 07:46:58+00:00,348.0,196,5.8,2023-01-02 00:00:00+00:00,2023-01-02,2023-01-01,7
453,2023-01-02 07:47:04+00:00,2023-01-02 07:47:07+00:00,3.0,2,0.05,2023-01-02 00:00:00+00:00,2023-01-02,2023-01-01,7
454,2023-01-02 07:47:13+00:00,2023-01-02 07:48:25+00:00,72.0,48,1.2,2023-01-02 00:00:00+00:00,2023-01-02,2023-01-01,7
455,2023-01-02 07:48:31+00:00,2023-01-02 07:54:36+00:00,365.0,220,6.083333333333333,2023-01-02 00:00:00+00:00,2023-01-02,2023-01-01,7
456,2023-01-02 07:54:41+00:00,2023-01-02 07:56:29+00:00,108.0,62,1.8,2023-01-02 00:00:00+00:00,2023-01-02,2023-01-01,7
457,2023-01-02 07:56:35+00:00,2023-01-02 07:58:18+00:00,103.0,65,1.7166666666666666,2023-01-02 00:00:00+00:00,2023-01-02,2023-01-01,7
458,2023-01-02 07:58:25+00:00,2023-01-02 08:01:10+00:00,165.0,97,2.75,2023-01-02 00:00:00+00:00,2023-01-02,2023-01-01,7
459,2023-01-02 08:01:16+00:00,2023-01-02 08:02:31+00:00,75.0,45,1.25,2023-01-02 00:00:00+00:00,2023-01-02,2023-01-01,8
460,2023-01-02 08:02:36+00:00,2023-01-02 08:03:43+00:00,67.0,43,1.1166666666666667,2023-01-02 00:00:00+00:00,2023-01-02,2023-01-01,8
461,2023-01-02 08:03:48+00:00,2023-01-02 08:05:00+00:00,72.0,42,1.2,2023-01-02 00:00:00+00:00,2023-01-02,2023-01-01,8
462,2023-01-02 08:05:05+00:00,2023-01-02 08:09:40+00:00,275.0,154,4.583333333333333,2023-01-02 00:00:00+00:00,2023-01-02,2023-01-01,8
463,2023-01-02 08:09:46+00:00,2023-01-02 08:15:49+00:00,363.0,230,6.05,2023-01-02 00:00:00+00:00,2023-01-02,2023-01-01,8
464,2023-01-02 08:15:54+00:00,2023-01-02 08:16:27+00:00,33.0,17,0.55,2023-01-02 00:00:00+00:00,2023-01-02,2023-01-01,8
465,2023-01-02 08:16:33+00:00,2023-01-02 08:17:42+00:00,69.0,38,1.15,2023-01-02 00:00:00+00:00,2023-01-02,2023-01-01,8
466,2023-01-02 08:17:47+00:00,2023-01-02 08:18:27+00:00,40.0,27,0.6666666666666666,2023-01-02 00:00:00+00:00,2023-01-02,2023-01-01,8
467,2023-01-02 08:18:32+00:00,2023-01-02 08:23:10+00:00,278.0,158,4.633333333333334,2023-01-02 00:00:00+00:00,2023-01-02,2023-01-01,8
468,2023-01-02 08:23:15+00:00,2023-01-02 08:24:47+00:00,92.0,55,1.5333333333333334,2023-01-02 00:00:00+00:00,2023-01-02,2023-01-01,8
469,2023-01-02 08:24:52+00:00,2023-01-02 08:25:47+00:00,55.0,38,0.9166666666666666,2023-01-02 00:00:00+00:00,2023-01-02,2023-01-01,8
470,2023-01-02 08:25:52+00:00,2023-01-02 08:26:16+00:00,24.0,17,0.4,2023-01-02 00:00:00+00:00,2023-01-02,2023-01-01,8
471,2023-01-02 08:26:21+00:00,2023-01-02 08:26:50+00:00,29.0,20,0.48333333333333334,2023-01-02 00:00:00+00:00,2023-01-02,2023-01-01,8
472,2023-01-02 08:26:55+00:00,2023-01-02 08:28:27+00:00,92.0,59,1.5333333333333334,2023-01-02 00:00:00+00:00,2023-01-02,2023-01-01,8
473,2023-01-02 08:28:35+00:00,2023-01-02 08:29:47+00:00,72.0,54,1.2,2023-01-02 00:00:00+00:00,2023-01-02,2023-01-01,8
474,2023-01-02 08:29:53+00:00,2023-01-02 08:31:17+00:00,84.0,57,1.4,2023-01-02 00:00:00+00:00,2023-01-02,2023-01-01,8
475,2023-01-02 08:31:22+00:00,2023-01-02 08:33:54+00:00,152.0,99,2.533333333333333,2023-01-02 00:00:00+00:00,2023-01-02,2023-01-01,8
476,2023-01-02 08:33:59+00:00,2023-01-02 08:34:11+00:00,12.0,5,0.2,2023-01-02 00:00:00+00:00,2023-01-02,2023-01-01,8
477,2023-01-02 08:34:16+00:00,2023-01-02 08:34:22+00:00,6.0,5,0.1,2023-01-02 00:00:00+00:00,2023-01-02,2023-01-01,8
478,2023-01-02 08:34:27+00:00,2023-01-02 08:34:44+00:00,17.0,13,0.2833333333333333,2023-01-02 00:00:00+00:00,2023-01-02,2023-01-01,8
479,2023-01-02 08:34:49+00:00,2023-01-02 08:36:58+00:00,129.0,85,2.15,2023-01-02 00:00:00+00:00,2023-01-02,2023-01-01,8
480,2023-01-02 08:37:03+00:00,2023-01-02 08:39:02+00:00,119.0,65,1.9833333333333334,2023-01-02 00:00:00+00:00,2023-01-02,2023-01-01,8
481,2023-01-02 08:39:09+00:00,2023-01-02 08:43:03+00:00,234.0,148,3.9,2023-01-02 00:00:00+00:00,2023-01-02,2023-01-01,8
482,2023-01-02 08:43:09+00:00,2023-01-02 08:46:43+00:00,214.0,128,3.566666666666667,2023-01-02 00:00:00+00:00,2023-01-02,2023-01-01,8
483,2023-01-02 08:46:48+00:00,2023-01-02 08:47:11+00:00,23.0,15,0.38333333333333336,2023-01-02 00:00:00+00:00,2023-01-02,2023-01-01,8
484,2023-01-02 08:47:17+00:00,2023-01-02 08:47:17+00:00,0.0,1,0.0,2023-01-02 00:00:00+00:00,2023-01-02,2023-01-01,8
485,2023-01-02 08:47:24+00:00,2023-01-02 08:49:56+00:00,152.0,94,2.533333333333333,2023-01-02 00:00:00+00:00,2023-01-02,2023-01-01,8
486,2023-01-02 08:50:01+00:00,2023-01-02 08:50:40+00:00,39.0,21,0.65,2023-01-02 00:00:00+00:00,2023-01-02,2023-01-01,8
487,2023-01-02 08:50:45+00:00,2023-01-02 08:51:07+00:00,22.0,13,0.36666666666666664,2023-01-02 00:00:00+00:00,2023-01-02,2023-01-01,8
488,2023-01-02 08:51:14+00:00,2023-01-02 08:52:13+00:00,59.0,42,0.9833333333333333,2023-01-02 00:00:00+00:00,2023-01-02,2023-01-01,8
489,2023-01-02 08:52:18+00:00,2023-01-02 08:54:48+00:00,150.0,98,2.5,2023-01-02 00:00:00+00:00,2023-01-02,2023-01-01,8
490,2023-01-02 08:54:53+00:00,2023-01-02 09:00:42+00:00,349.0,205,5.816666666666666,2023-01-02 00:00:00+00:00,2023-01-02,2023-01-01,8
491,2023-01-02 09:00:47+00:00,2023-01-02 09:00:47+00:00,0.0,1,0.0,2023-01-02 00:00:00+00:00,2023-01-02,2023-01-01,9
492,2023-01-02 09:00:52+00:00,2023-01-02 09:01:24+00:00,32.0,26,0.5333333333333333,2023-01-02 00:00:00+00:00,2023-01-02,2023-01-01,9
493,2023-01-02 09:01:29+00:00,2023-01-02 09:02:33+00:00,64.0,37,1.0666666666666667,2023-01-02 00:00:00+00:00,2023-01-02,2023-01-01,9
494,2023-01-02 09:02:38+00:00,2023-01-02 09:05:23+00:00,165.0,91,2.75,2023-01-02 00:00:00+00:00,2023-01-02,2023-01-01,9
495,2023-01-02 09:05:28+00:00,2023-01-02 09:06:51+00:00,83.0,49,1.3833333333333333,2023-01-02 00:00:00+00:00,2023-01-02,2023-01-01,9
496,2023-01-02 09:06:57+00:00,2023-01-02 09:07:28+00:00,31.0,20,0.5166666666666667,2023-01-02 00:00:00+00:00,2023-01-02,2023-01-01,9
497,2023-01-02 09:07:34+00:00,2023-01-02 09:11:11+00:00,217.0,125,3.6166666666666667,2023-01-02 00:00:00+00:00,2023-01-02,2023-01-01,9
498,2023-01-02 09:11:16+00:00,2023-01-02 09:11:30+00:00,14.0,7,0.23333333333333334,2023-01-02 00:00:00+00:00,2023-01-02,2023-01-01,9
499,2023-01-02 09:11:36+00:00,2023-01-02 09:12:12+00:00,36.0,22,0.6,2023-01-02 00:00:00+00:00,2023-01-02,2023-01-01,9
500,2023-01-02 09:12:17+00:00,2023-01-02 09:14:01+00:00,104.0,63,1.7333333333333334,2023-01-02 00:00:00+00:00,2023-01-02,2023-01-01,9
501,2023-01-02 09:14:06+00:00,2023-01-02 09:14:44+00:00,38.0,27,0.6333333333333333,2023-01-02 00:00:00+00:00,2023-01-02,2023-01-01,9
502,2023-01-02 09:14:49+00:00,2023-01-02 09:15:09+00:00,20.0,13,0.3333333333333333,2023-01-02 00:00:00+00:00,2023-01-02,2023-01-01,9
503,2023-01-02 09:15:14+00:00,2023-01-02 09:15:29+00:00,15.0,9,0.25,2023-01-02 00:00:00+00:00,2023-01-02,2023-01-01,9
504,2023-01-02 09:15:34+00:00,2023-01-02 09:16:59+00:00,85.0,50,1.4166666666666667,2023-01-02 00:00:00+00:00,2023-01-02,2023-01-01,9
505,2023-01-02 09:17:04+00:00,2023-01-02 09:18:09+00:00,65.0,38,1.0833333333333333,2023-01-02 00:00:00+00:00,2023-01-02,2023-01-01,9
506,2023-01-02 09:18:15+00:00,2023-01-02 09:18:15+00:00,0.0,1,0.0,2023-01-02 00:00:00+00:00,2023-01-02,2023-01-01,9
507,2023-01-02 09:18:20+00:00,2023-01-02 09:24:27+00:00,367.0,213,6.116666666666666,2023-01-02 00:00:00+00:00,2023-01-02,2023-01-01,9
